code,title,majors,inGeneratedHighPrioritySummary,mentionSetDiffers,localPrereqText,officialPrereqText,flags,officialAlternativesMissingLocally,url
AM 10,Mathematical Methods for Engineers I,"AM_BS, BMEB_BI, BMEB_BM, CE_BS, CSGD_BS, CS_BA, CS_BS, EE_BS, NDT_BS, RE_BS, TIM_BS",yes,yes,(MATH 3 OR AM 11A OR MATH 11A OR MATH 19A OR MATH 20A),MATH 19A or MATH 20A .,none,none,https://catalog.ucsc.edu/en/current/general-catalog/courses/am-applied-mathematics/lower-division/am-10
AM 100,Mathematical Methods for Engineers,"AM_BS, EE_BS, TIM_BS",no,no,(AM 20 OR MATH 24 OR AM 30 OR MATH 23B),"AM 20 or MATH 24 , and AM 30 or MATH 23B , or by permission of instructor.",contains-permission-or-consent-exception,none,https://catalog.ucsc.edu/en/current/general-catalog/courses/am-applied-mathematics/upper-division/am-100
AM 112,Introduction to Partial Differential Equations,"AM_BS, TIM_BS",no,no,(AM 100),AM 100 or by permission of the instructor.,contains-permission-or-consent-exception,none,https://catalog.ucsc.edu/en/current/general-catalog/courses/am-applied-mathematics/upper-division/am-112
AM 114,Introduction to Dynamical Systems,"AM_BS, CS_BS, NDT_BS, RE_BS, TIM_BS",yes,yes,(AM 10 OR PHYS 116A) AND (AM 20 OR PHYS 116A) AND (AM 30 OR PHYS 116A),AM 10 or MATH 21 ; and AM 20 or MATH 24 ; and AM 30 or MATH 23A or MATH 22 ; or PHYS 116A .,none,none,https://catalog.ucsc.edu/en/current/general-catalog/courses/am-applied-mathematics/upper-division/am-114
AM 115,Stochastic Modeling in Biology,"AM_BS, BMEB_BI, BMEB_BM, TIM_BS",no,no,(STAT 131) AND (AM 20),"STAT 131 and AM 20 ; a university-level course in biology, and operational knowledge of a programming language; or consent of instructor.",contains-permission-or-consent-exception,none,https://catalog.ucsc.edu/en/current/general-catalog/courses/am-applied-mathematics/upper-division/am-115
AM 129,Foundations of Scientific Computing for Scientists and Engineers,"AM_BS, TIM_BS",yes,yes,(AM 10 OR MATH 21) AND (MATH 11A OR MATH 19A OR MATH 20A),CSE 20 or CSE 13S or CSE 30 or ECE 13 or ASTR 19 ; and AM 10 or MATH 21 ; and MATH 11A or MATH 19A or MATH 20A ; and AM 20 or MATH 24 .,none,none,https://catalog.ucsc.edu/en/current/general-catalog/courses/am-applied-mathematics/upper-division/am-129
AM 148,GPU Programming for Scientific Computations,CS_BS,yes,yes,(AM 147 OR MATH 148 OR PHYS 115),CSE 20 or CSE 13S or CSE 30 or ECE 13 or ASTR 19 ; and AM 147 or MATH 148 or PHYS 115 .,none,none,https://catalog.ucsc.edu/en/current/general-catalog/courses/am-applied-mathematics/upper-division/am-148
AM 170A,Mathematical Modeling 1,AM_BS,yes,yes,(AM 30 OR AM 114 OR STAT 131 OR CSE 107),satisfaction of the Entry Level Writing and Composition,contains-placement-exam-or-writing-requirement,none,https://catalog.ucsc.edu/en/current/general-catalog/courses/am-applied-mathematics/upper-division/am-170a
AM 170B,Mathematical Modeling 2,AM_BS,yes,yes,(AM 129 OR AM 112) AND (AM 147) AND (AM 170A),(none found / none listed),no-official-prereq-text-found,none,https://catalog.ucsc.edu/en/current/general-catalog/courses/am-applied-mathematics/upper-division/am-170b
AM 195,Senior Thesis Research,AM_BS,yes,yes,(none encoded),"AM 129 or AM 209, and AM 112 , and AM 147 , and AM 170A .",none,AM 209,https://catalog.ucsc.edu/en/current/general-catalog/courses/am-applied-mathematics/upper-division/am-195
ASTR 21,"The Diverse Universe: Stars, Planets, and Galaxies",AM_BS,yes,yes,(PHYS 5A),PHYS 5A or PHYS 15A .,none,none,https://catalog.ucsc.edu/en/current/general-catalog/courses/astr-astronomy-and-astrophysics/1-99/astr-21
ASTR 119,Introduction to Scientific Computing,AM_BS,yes,yes,(MATH 11A OR MATH 19A OR MATH 20A OR AM 15A),MATH 11A or MATH 19A or MATH 20A or AM 15A.,none,AM 15A,https://catalog.ucsc.edu/en/current/general-catalog/courses/astr-astronomy-and-astrophysics/100/astr-119
BME 101,Molecular Biology for Biomolecular Engineers,"BMEB_BI, BMEB_BM",yes,yes,(BIOL 20A),(none found / none listed),no-official-prereq-text-found,none,https://catalog.ucsc.edu/en/current/general-catalog/courses/bme-biomolecular-engineering/100/bme-101
BME 110,Computational Biology Tools,"BIOTECH_BS, BMEB_BI, BMEB_BM",no,no,(BME 105 OR BIOL 100 OR BIOL 105 OR BIOC 100A OR CHEM 103),"BME 105 , or BIOL 100 , or BIOL 105 , or BIOC 100A , or CHEM 103, or bioinformatics majors, or biomolecular engineering and bioinformatics majors.",contains-major-or-enrollment-condition,none,https://catalog.ucsc.edu/en/current/general-catalog/courses/bme-biomolecular-engineering/100/bme-110
BME 118,Mathematics of the Mind,"AM_BS, BMEB_BI, BMEB_BM",yes,yes,(MATH 19A) AND (MATH 19B) AND (MATH 20B) AND (MATH 21) AND (CSE 20),(none found / none listed),no-official-prereq-text-found,none,https://catalog.ucsc.edu/en/current/general-catalog/courses/bme-biomolecular-engineering/100/bme-118
BME 123L,Long Read Sequencing,"BMEB_BI, BMEB_BM",yes,no,(BME 22L),"BME 22L, and previous or concurrent",contains-prior-or-concurrent-language,none,https://catalog.ucsc.edu/en/current/general-catalog/courses/bme-biomolecular-engineering/100/bme-123l
BME 128,Protein Engineering,"BIOTECH_BS, BMEB_BI, BMEB_BM",no,no,(BIOL 100 OR BIOC 100A OR CHEM 103),"BIOL 100 or BIOC 100A or CHEM 103, or by permission of instructor.",contains-permission-or-consent-exception,none,https://catalog.ucsc.edu/en/current/general-catalog/courses/bme-biomolecular-engineering/100/bme-128
BME 128L,Protein Engineering Laboratory,"BMEB_BI, BMEB_BM",yes,no,(BME 22L),BME 22L; and previous or concurrent,contains-prior-or-concurrent-language,none,https://catalog.ucsc.edu/en/current/general-catalog/courses/bme-biomolecular-engineering/100/bme-128l
BME 129A,Project Design and Implementation in Biomolecular Engineering I,BMEB_BM,yes,no,(BME 22L) AND (BIOL 100 OR BIOC 100A OR CHEM 103 OR BME 101),BME 22L; BIOL 100 or BIOC 100A or CHEM 103 or BME 101; and previous or concurrent,contains-prior-or-concurrent-language,none,https://catalog.ucsc.edu/en/current/general-catalog/courses/bme-biomolecular-engineering/100/bme-129a
BME 129B,Project Design and Implementation in Biomolecular Engineering II,BMEB_BM,yes,yes,(BME 129A OR BME 150),BME 129A or BME 150.,none,BME 150,https://catalog.ucsc.edu/en/current/general-catalog/courses/bme-biomolecular-engineering/100/bme-129b
BME 129C,Project Design and Implementation in Biomolecular Engineering III,"BMEB_BI, BMEB_BM",yes,yes,(BME 129B OR BME 230A) AND (BME 185),BME 129B or BME 230A .,none,none,https://catalog.ucsc.edu/en/current/general-catalog/courses/bme-biomolecular-engineering/100/bme-129c
BME 130,Genomes,"BIOTECH_BS, BMEB_BI, BMEB_BM",yes,yes,(BIOL 105),BIOL 105 or BME 105 or METX 140 ; or permission of the instructor.,contains-permission-or-consent-exception,none,https://catalog.ucsc.edu/en/current/general-catalog/courses/bme-biomolecular-engineering/100/bme-130
BME 140,Bioinstrumentation,"BIOTECH_BS, BMEB_BI, BMEB_BM",yes,yes,(BME 5 OR BME 51A OR EE 101 OR BIOL 100 OR BIOC 100A) AND (BME 51B OR EE 101L OR BME 5 OR BIOL 100 OR BIOC 100A),BME 5; or BME 51A and BME 51B ; or EE 101 and EE 101L; or BIOL 100 ; or BIOC 100A .,none,"EE 101, EE 101L",https://catalog.ucsc.edu/en/current/general-catalog/courses/bme-biomolecular-engineering/100/bme-140
BME 160,Research Programming in the Life Sciences,"AM_BS, BIOTECH_BS, BMEB_BI, BMEB_BM",yes,yes,(BIOL 20A OR BIOL 21A),BIOL 20A or BIOL 21A.,none,BIOL 21A,https://catalog.ucsc.edu/en/current/general-catalog/courses/bme-biomolecular-engineering/100/bme-160
BME 163,Applied Visualization and Analysis of Scientific Data,"BMEB_BI, BMEB_BM",yes,no,(BME 160 OR BME 205 OR CSE 20),"BME 160 or BME 205 or CSE 20 . Prerequisites can be waived in cases where students have the required programming skills, or who have passed the CSE 20 test-out exam. See CSE 20 Testout Exam (https://undergrad.engineering.ucsc.edu/advising/policies-forms-petitions/cse/) for resources and further information.",contains-placement-exam-or-writing-requirement,none,https://catalog.ucsc.edu/en/current/general-catalog/courses/bme-biomolecular-engineering/100/bme-163
BME 177,Engineering Stem Cells,"BIOTECH_BS, BMEB_BI, BMEB_BM",no,no,(BIOL 20A),BIOL 20A or by consent of instructor. Basic knowledge of molecular and cellular biology is required.,contains-permission-or-consent-exception,none,https://catalog.ucsc.edu/en/current/general-catalog/courses/bme-biomolecular-engineering/100/bme-177
BME 177L,Engineering Stem Cell Laboratory,"BMEB_BI, BMEB_BM",yes,yes,(BME 22L),(none found / none listed),no-official-prereq-text-found,none,https://catalog.ucsc.edu/en/current/general-catalog/courses/bme-biomolecular-engineering/100/bme-177l
BME 178,Stem Cell Biology,"BIOTECH_BS, BMEB_BI, BMEB_BM",yes,no,(BIOL 110 OR BME 101 OR BIOC 100A OR BIOL 100 OR CHEM 103) AND (BIOL 115),BIOL 110 or BME 101 or BIOC 100A or BIOL 100 or CHEM 103; BIOL 115 recommended.,contains-recommended-language,none,https://catalog.ucsc.edu/en/current/general-catalog/courses/bme-biomolecular-engineering/100/bme-178
BME 180,Professional Practice in Bioengineering,BMEB_BM,yes,no,(none encoded),previous or concurrent,contains-prior-or-concurrent-language,none,https://catalog.ucsc.edu/en/current/general-catalog/courses/bme-biomolecular-engineering/100/bme-180
BME 185,Technical Writing for Biomolecular Engineers,"BIOTECH_BS, BMEB_BI, BMEB_BM",yes,no,(BIOL 20A),BIOL 20A ; satisfaction of Entry Level Writing and Composition,contains-placement-exam-or-writing-requirement,none,https://catalog.ucsc.edu/en/current/general-catalog/courses/bme-biomolecular-engineering/100/bme-185
BME 188A,Synthetic Biology--Mentored Research A,BMEB_BM,yes,yes,(none encoded),BME 180.,none,none,https://catalog.ucsc.edu/en/current/general-catalog/courses/bme-biomolecular-engineering/100/bme-188a
BME 188B,Synthetic Biology--Mentored Research B,BMEB_BM,yes,yes,(none encoded),BME 188A.,none,none,https://catalog.ucsc.edu/en/current/general-catalog/courses/bme-biomolecular-engineering/100/bme-188b
BME 188C,Synthetic Biology Mentored Research C,BMEB_BM,yes,yes,(none encoded),BME 188B.,none,none,https://catalog.ucsc.edu/en/current/general-catalog/courses/bme-biomolecular-engineering/100/bme-188c
BME 205,Bioinformatics: Molecular Biology and Genomics,"BMEB_BI, BMEB_BM",yes,yes,(BME 160 OR CSE 20) AND (BME 185),BME 160 or CSE 20 ; and CSE 107 or STAT 131 ; and BME 105 or BIOL 105 ; and previous or concurrent,contains-prior-or-concurrent-language,none,https://catalog.ucsc.edu/en/current/general-catalog/courses/bme-biomolecular-engineering/200/bme-205
BME 230A,Computational Genomics,"BMEB_BI, BMEB_BM",yes,yes,(BME 205) AND (BME 185),BME 205 .,none,none,https://catalog.ucsc.edu/en/current/general-catalog/courses/bme-biomolecular-engineering/200/bme-230a
CMPM 80J,Games as Technical Culture,CSGD_BS,yes,no,(none encoded),Satisfaction of the Entry Level Writing and Composition,contains-placement-exam-or-writing-requirement,none,https://catalog.ucsc.edu/en/current/general-catalog/courses/cmpm-computational-media/lower-division/cmpm-80j
CMPM 110,Writing for Game Technologies,CSGD_BS,no,no,(CMPM 120),"CMPM 120 , or by permission of the instructor.",contains-permission-or-consent-exception,none,https://catalog.ucsc.edu/en/current/general-catalog/courses/cmpm-computational-media/upper-division/cmpm-110
CMPM 123,Advanced Programming,CSGD_BS,yes,yes,(CSE 101 OR CMPM 35),(none found / none listed),no-official-prereq-text-found,none,https://catalog.ucsc.edu/en/current/general-catalog/courses/cmpm-computational-media/upper-division/cmpm-123
CMPM 130,User Interface and User Experience Design,CSGD_BS,yes,no,(none encoded),satisfaction of the Entry Level Writing and Composition,contains-placement-exam-or-writing-requirement,none,https://catalog.ucsc.edu/en/current/general-catalog/courses/cmpm-computational-media/upper-division/cmpm-130
CMPM 152,Musical Data,CSGD_BS,yes,yes,(CMPM 35 OR CMPM 120 OR CMPM 150 OR CMPM 151),(none found / none listed),no-official-prereq-text-found,none,https://catalog.ucsc.edu/en/current/general-catalog/courses/cmpm-computational-media/upper-division/cmpm-152
CMPM 163,Game Graphics and Real-Time Rendering,"CSGD_BS, CS_BS",no,no,(CMPM 120),CMPM 120 (exceptions granted in special cases with permission of the instructor).,contains-permission-or-consent-exception,none,https://catalog.ucsc.edu/en/current/general-catalog/courses/cmpm-computational-media/upper-division/cmpm-163
CMPM 164,Game Engines,"CSGD_BS, CS_BS",yes,no,(CMPM 163 OR CSE 160),CMPM 163 or CSE 160 . Concurrent,contains-prior-or-concurrent-language,none,https://catalog.ucsc.edu/en/current/general-catalog/courses/cmpm-computational-media/upper-division/cmpm-164
CMPM 169,Creative Coding,CSGD_BS,yes,yes,(CMPM 35 OR CMPM 120 OR CMPM 163),(none found / none listed),no-official-prereq-text-found,none,https://catalog.ucsc.edu/en/current/general-catalog/courses/cmpm-computational-media/upper-division/cmpm-169
CMPM 170,Rapid Prototyping,CSGD_BS,yes,yes,(CMPM 120 OR CMPM 121),CMPM 120 .,none,none,https://catalog.ucsc.edu/en/current/general-catalog/courses/cmpm-computational-media/upper-division/cmpm-170
CMPM 171,Game Design Studio,"CSGD_BS, CS_BS",yes,yes,(CMPM 121 OR CMPM 130 OR CMPM 170 OR CMPM 176),(none found / none listed),no-official-prereq-text-found,none,https://catalog.ucsc.edu/en/current/general-catalog/courses/cmpm-computational-media/upper-division/cmpm-171
CMPM 172,Game Production Studio,"CSGD_BS, CS_BS",yes,yes,(none encoded),"CMPM 171 , or by instructor permission.",contains-permission-or-consent-exception,none,https://catalog.ucsc.edu/en/current/general-catalog/courses/cmpm-computational-media/upper-division/cmpm-172
CSE 30,Programming Abstractions: Python,"AM_BS, BMEB_BI, CE_BS, CSGD_BS, CS_BA, CS_BS, EE_BS, NDT_BS, RE_BS, TIM_BS",yes,no,(CSE 20 OR BME 160) AND (MATH 3 OR MATH 11A OR MATH 19A OR MATH 20A OR AM 3 OR AM 11A),"CSE 20 or BME 160 ; and MATH 3 or MATH 11A or MATH 19A or MATH 20A or AM 3 or AM 11A or ECON 11A, or a score of 400 or higher on the mathematics placement examination (MPE).",contains-placement-exam-or-writing-requirement,ECON 11A,https://catalog.ucsc.edu/en/current/general-catalog/courses/cse-computer-science-and-engineering/lower-division/cse-30
CSE 100,Logic Design,"CE_BS, EE_BS, NDT_BS, RE_BS",yes,no,(CSE 12),CSE 12 ; previous or concurrent,contains-prior-or-concurrent-language,none,https://catalog.ucsc.edu/en/current/general-catalog/courses/cse-computer-science-and-engineering/upper-division/cse-100
CSE 100L,Logic Design Laboratory,"CE_BS, EE_BS, NDT_BS, RE_BS",yes,no,(CSE 12),CSE 12 ; previous or concurrent,contains-prior-or-concurrent-language,none,https://catalog.ucsc.edu/en/current/general-catalog/courses/cse-computer-science-and-engineering/upper-division/cse-100l
CSE 101P,Data Structures and Algorithms (Practice-based),"BMEB_BI, CS_BA",yes,no,(CSE 16) AND (BME 160 OR CSE 20) AND (CSE 30) AND (MATH 11B OR MATH 19B OR MATH 20B OR AM 11B),CSE 16 ; and BME 160 or CSE 20 or CSE 20 Test Out; and CSE 30 ; and MATH 11B or MATH 19B or MATH 20B or AM 11B .,contains-placement-exam-or-writing-requirement,none,https://catalog.ucsc.edu/en/current/general-catalog/courses/cse-computer-science-and-engineering/upper-division/cse-101p
CSE 105,Modern Algorithmic Toolbox,TIM_BS,no,no,(CSE 101M OR CSE 102),"CSE 101M , or CSE 102 , or equivalent with instructor permission. Students need a solid background in analysis of algorithms, discrete math, probability theory, graph theory, and overall mathematical maturity.",contains-permission-or-consent-exception,none,https://catalog.ucsc.edu/en/current/general-catalog/courses/cse-computer-science-and-engineering/upper-division/cse-105
CSE 113,Parallel and Concurrent Programming,"AM_BS, CE_BS, CSGD_BS, CS_BA, CS_BS, NDT_BS, TIM_BS",yes,yes,(CSE 12) AND (CSE 101),CSE 12 and CSE 101 . CSE 120 recommended.,contains-recommended-language,none,https://catalog.ucsc.edu/en/current/general-catalog/courses/cse-computer-science-and-engineering/upper-division/cse-113
CSE 115A,Introduction to Software Engineering,"CSGD_BS, CS_BA, CS_BS, NDT_BS, TIM_BS",yes,yes,(CSE 101) AND (CSE 130),satisfaction of the Entry Level Writing and Composition,contains-placement-exam-or-writing-requirement,none,https://catalog.ucsc.edu/en/current/general-catalog/courses/cse-computer-science-and-engineering/upper-division/cse-115a
CSE 117,Open Source Programming,"CSGD_BS, NDT_BS, TIM_BS",yes,yes,(CSE 101) AND (CSE 102 OR CSE 111 OR CSE 115A),CSE 101 ; and CSE 111 or CSE 115A .,none,none,https://catalog.ucsc.edu/en/current/general-catalog/courses/cse-computer-science-and-engineering/upper-division/cse-117
CSE 118,Mobile Applications,"CSGD_BS, CS_BA, CS_BS, NDT_BS, RE_BS, TIM_BS",yes,yes,(CSE 101),CSE 101 or CSE 101P .,none,none,https://catalog.ucsc.edu/en/current/general-catalog/courses/cse-computer-science-and-engineering/upper-division/cse-118
CSE 120,Computer Architecture,"CE_BS, CSGD_BS, CS_BA, CS_BS, NDT_BS, TIM_BS",yes,yes,(CSE 12) AND (CSE 13S OR ECE 13),"CSE 12 ; and CSE 13E, or CSE 13S , or ECE 13 , or CSE 15 and CSE 15L. CSE 16 recommended.",contains-recommended-language,"CSE 13E, CSE 15, CSE 15L",https://catalog.ucsc.edu/en/current/general-catalog/courses/cse-computer-science-and-engineering/upper-division/cse-120
CSE 123A,Engineering Design Project I,"CE_BS, TIM_BS",yes,no,(CSE 121),CSE 121 ; previous or concurrent,contains-prior-or-concurrent-language,none,https://catalog.ucsc.edu/en/current/general-catalog/courses/cse-computer-science-and-engineering/upper-division/cse-123a
CSE 129A,Capstone Project I,CE_BS,yes,no,(none encoded),previous or concurrent,contains-prior-or-concurrent-language,none,https://catalog.ucsc.edu/en/current/general-catalog/courses/cse-computer-science-and-engineering/upper-division/cse-129a
CSE 129B,Capstone Project II,CE_BS,yes,yes,(none encoded),"CSE 121 , CSE 121L, and CSE 129A . Previous or concurrent",contains-prior-or-concurrent-language,CSE 121L,https://catalog.ucsc.edu/en/current/general-catalog/courses/cse-computer-science-and-engineering/upper-division/cse-129b
CSE 129C,Capstone Project III,CE_BS,yes,yes,(none encoded),CSE 129B and CSE 185.,none,none,https://catalog.ucsc.edu/en/current/general-catalog/courses/cse-computer-science-and-engineering/upper-division/cse-129c
CSE 132,Computer Security,"CSGD_BS, CS_BA, CS_BS, NDT_BS, TIM_BS",no,no,(CSE 130 OR CSE 131),CSE 130 or CSE 131 or permission of instructor.,contains-permission-or-consent-exception,none,https://catalog.ucsc.edu/en/current/general-catalog/courses/cse-computer-science-and-engineering/upper-division/cse-132
CSE 144,Applied Machine Learning,"AM_BS, BMEB_BI, CSGD_BS, CS_BA, CS_BS, NDT_BS, TIM_BS",yes,no,(CSE 40 OR STAT 132) AND (CSE 101 OR CSE 101P),"CSE 40 , CSE 40 test-out, or STAT 132 ; and CSE 101 or CSE 101P .",contains-placement-exam-or-writing-requirement,none,https://catalog.ucsc.edu/en/current/general-catalog/courses/cse-computer-science-and-engineering/upper-division/cse-144
CSE 146,Ethics and Algorithms,CSGD_BS,yes,no,(CSE 101) AND (CSE 107 OR STAT 131) AND (CSE 40 OR CSE 142) AND (CSE 140),CSE 101 ; and CSE 107 or STAT 131 ; and CSE 40 . CSE 142 and CSE 140 are recommended.,contains-recommended-language,none,https://catalog.ucsc.edu/en/current/general-catalog/courses/cse-computer-science-and-engineering/upper-division/cse-146
CSE 151,Advanced Computer Networks,"NDT_BS, TIM_BS",yes,no,(CSE 150),CSE 150 . Concurrent,contains-prior-or-concurrent-language,none,https://catalog.ucsc.edu/en/current/general-catalog/courses/cse-computer-science-and-engineering/upper-division/cse-151
CSE 151L,Advanced Computer Networks Laboratory,NDT_BS,yes,no,(CSE 150),CSE 150 . Concurrent,contains-prior-or-concurrent-language,none,https://catalog.ucsc.edu/en/current/general-catalog/courses/cse-computer-science-and-engineering/upper-division/cse-151l
CSE 156,Network Programming,"CE_BS, CSGD_BS, CS_BA, CS_BS, NDT_BS, RE_BS, TIM_BS",yes,yes,(CSE 150) AND (CSE 101),(none found / none listed),no-official-prereq-text-found,none,https://catalog.ucsc.edu/en/current/general-catalog/courses/cse-computer-science-and-engineering/upper-division/cse-156
CSE 156L,Network Programming Laboratory,CE_BS,yes,yes,(CSE 150) AND (CSE 101),(none found / none listed),no-official-prereq-text-found,none,https://catalog.ucsc.edu/en/current/general-catalog/courses/cse-computer-science-and-engineering/upper-division/cse-156l
CSE 161,Introduction to Data Visualization,"AM_BS, CSGD_BS, CS_BS, NDT_BS, TIM_BS",yes,no,(CSE 160),CSE 160 or equivalent. Concurrent,contains-prior-or-concurrent-language,none,https://catalog.ucsc.edu/en/current/general-catalog/courses/cse-computer-science-and-engineering/upper-division/cse-161
CSE 162,Advanced Computer Graphics and Animation,"AM_BS, CSGD_BS, CS_BS, TIM_BS",yes,no,(CSE 160),CSE 160 or equivalent. Concurrent,contains-prior-or-concurrent-language,none,https://catalog.ucsc.edu/en/current/general-catalog/courses/cse-computer-science-and-engineering/upper-division/cse-162
CSE 167,Mobile Sensing and Interaction,NDT_BS,yes,yes,(CSE 13S OR CSE 13E OR CSE 15) AND (CSE 15L OR CSE 13S OR CSE 13E) AND (PHYS 5A OR CSE 13S OR CSE 13E) AND (AM 10 OR CSE 13S OR CSE 13E),CSE 13S ; or CSE 13E or ECE 13 ; or CSE 15 and CSE 15L; and PHYS 5A or PHYS 15A or PHYS 6A ; and AM 10 or MATH 21 .,none,"CSE 13E, CSE 15, CSE 15L",https://catalog.ucsc.edu/en/current/general-catalog/courses/cse-computer-science-and-engineering/upper-division/cse-167
CSE 182,Introduction to Database Management Systems,"BMEB_BI, NDT_BS, TIM_BS",yes,yes,(CSE 16 OR BME 160) AND (CSE 30),CSE 16 or BME 160 ; and CSE 30 . Course restricted to juniors and seniors and intended for non-majors; computer science majors should enroll in CSE 180 .,contains-major-or-enrollment-condition,none,https://catalog.ucsc.edu/en/current/general-catalog/courses/cse-computer-science-and-engineering/upper-division/cse-182
CSE 185E,Technical Writing for Computer Engineering,"CE_BS, CS_BA, CS_BS, NDT_BS",yes,no,(none encoded),satisfaction of Entry Level Writing and Composition,contains-placement-exam-or-writing-requirement,none,https://catalog.ucsc.edu/en/current/general-catalog/courses/cse-computer-science-and-engineering/upper-division/cse-185e
CSE 186,Full Stack Web Development I,"CSGD_BS, CS_BA, CS_BS, NDT_BS",yes,yes,(CSE 101 OR CSE 101P); prior-or-concurrent: (CSE 180 OR CSE 182),(none found / none listed),no-official-prereq-text-found,none,https://catalog.ucsc.edu/en/current/general-catalog/courses/cse-computer-science-and-engineering/upper-division/cse-186
CSE 195,Senior Thesis,"CE_BS, CS_BA, CS_BS",yes,no,(none encoded),satisfaction of the Entry Level Writing and Composition,contains-placement-exam-or-writing-requirement,none,https://catalog.ucsc.edu/en/current/general-catalog/courses/cse-computer-science-and-engineering/upper-division/cse-195
ECE 9,Statics and Mechanics of Materials,"AM_BS, CE_BS, RE_BS",yes,yes,(MATH 19A OR MATH 20A) AND (PHYS 5A OR PHYS 5L OR PHYS 6A OR PHYS 6L) AND (AM 10 OR MATH 21),MATH 19A or MATH 20A ; and PHYS 5A or PHYS 15A and PHYS 5L ; or PHYS 6A and PHYS 6L ; and AM 10 or MATH 21 .,none,none,https://catalog.ucsc.edu/en/current/general-catalog/courses/ece-electrical-and-computer-engineering/lower-division/ece-9
ECE 13,Computer Systems and C Programming,"AM_BS, CE_BS, CSGD_BS, EE_BS, NDT_BS, RE_BS",yes,no,(CSE 12 OR CSE 20 OR CSE 30),CSE 12 . CSE 20 or CSE 30 (Python programming background) is recommended but not required. Programming experience in any other language is also acceptable.,contains-recommended-language,none,https://catalog.ucsc.edu/en/current/general-catalog/courses/ece-electrical-and-computer-engineering/lower-division/ece-13
ECE 101,Introduction to Electronic Circuits,"AM_BS, CE_BS, EE_BS, NDT_BS, RE_BS, TIM_BS",yes,yes,(PHYS 5C OR PHYS 6C) AND (PHYS 5N OR PHYS 6N) AND (AM 20 OR MATH 24),"PHYS 5C or PHYS 15C and PHYS 5N ; or PHYS 6C and PHYS 6N ; and MATH 24 or PHYS 116A , or previous or concurrent",contains-prior-or-concurrent-language,none,https://catalog.ucsc.edu/en/current/general-catalog/courses/ece-electrical-and-computer-engineering/upper-division/ece-101
ECE 101L,Introduction to Electronic Circuits Laboratory,"CE_BS, EE_BS, NDT_BS, RE_BS",yes,yes,(PHYS 5C OR PHYS 6C) AND (PHYS 5N OR PHYS 6N) AND (AM 20 OR MATH 24),"PHYS 5C or PHYS 15C and PHYS 5N ; or PHYS 6C and PHYS 6N ; and MATH 24 or PHYS 116A , or previous or concurrent",contains-prior-or-concurrent-language,none,https://catalog.ucsc.edu/en/current/general-catalog/courses/ece-electrical-and-computer-engineering/upper-division/ece-101l
ECE 102,Properties of Materials,"EE_BS, NDT_BS, RE_BS",yes,yes,(PHYS 5A OR PHYS 6A) AND (PHYS 5L OR PHYS 6L) AND (PHYS 5M OR PHYS 6M) AND (PHYS 5C OR PHYS 6C) AND (PHYS 5N OR PHYS 6N),"PHYS 5A or PHYS 15A and PHYS 5L , PHYS 5B and PHYS 5M , and PHYS 5C or PHYS 15C and 5N; or PHYS 6A and PHYS 6L , PHYS 6B and PHYS 6M , and PHYS 6C and PHYS 6N . Concurrent",contains-prior-or-concurrent-language,none,https://catalog.ucsc.edu/en/current/general-catalog/courses/ece-electrical-and-computer-engineering/upper-division/ece-102
ECE 102L,Properties of Materials Laboratory,"EE_BS, NDT_BS, RE_BS",yes,yes,(PHYS 5A OR PHYS 6A) AND (PHYS 5L OR PHYS 6L) AND (PHYS 5M OR PHYS 6M) AND (PHYS 5C OR PHYS 6C) AND (PHYS 5N OR PHYS 6N),"PHYS 5A or PHYS 15A and PHYS 5L , PHYS 5B and PHYS 5M , and PHYS 5C or PHYS 15C and 5N; or PHYS 6A and PHYS 6L , PHYS 6B and PHYS 6M , and PHYS 6C and PHYS 6N . Concurrent",contains-prior-or-concurrent-language,none,https://catalog.ucsc.edu/en/current/general-catalog/courses/ece-electrical-and-computer-engineering/upper-division/ece-102l
ECE 103L,Signals and Systems Laboratory,"CE_BS, EE_BS, NDT_BS, RE_BS",yes,no,(ECE 101) AND (ECE 101L) AND (AM 20 OR MATH 24),ECE 101 and ECE 101L and AM 20 or MATH 24 . Concurrent,contains-prior-or-concurrent-language,none,https://catalog.ucsc.edu/en/current/general-catalog/courses/ece-electrical-and-computer-engineering/upper-division/ece-103l
ECE 118,Introduction to Mechatronics,"CE_BS, CSGD_BS, EE_BS, NDT_BS, RE_BS, TIM_BS",yes,yes,(ECE 101) AND (ECE 101L) AND (CSE 100) AND (CSE 100L) AND (ECE 13 OR CSE 13E),ECE 101 and ECE 101L ; and CSE 100 and CSE 100L ; and ECE 13 or CSE 13S or CSE 13E. ECE 121 and ECE 167 are highly recommended (but not required).,contains-recommended-language,CSE 13E,https://catalog.ucsc.edu/en/current/general-catalog/courses/ece-electrical-and-computer-engineering/upper-division/ece-118
ECE 121,Microcontroller System Design,"EE_BS, RE_BS, TIM_BS",yes,yes,(CSE 12) AND (ECE 13 OR CSE 13E),CSE 12 ; and ECE 13 or CSE 13E. Concurrent,contains-prior-or-concurrent-language,CSE 13E,https://catalog.ucsc.edu/en/current/general-catalog/courses/ece-electrical-and-computer-engineering/upper-division/ece-121
ECE 122B,Collaborative Sustainability Project Implementation,EE_BS,yes,yes,(none encoded),ECE 122A . Students apply online; selected applicants complete in-person interviews.,none,none,https://catalog.ucsc.edu/en/current/general-catalog/courses/ece-electrical-and-computer-engineering/upper-division/ece-122b
ECE 129A,Capstone Project I,"EE_BS, RE_BS",yes,yes,(CSE 100) AND (ECE 118 OR ECE 171) AND (ECE 121 OR ECE 157 OR ECE 173),satisfaction of the Entry Level Writing and Composition,contains-placement-exam-or-writing-requirement,none,https://catalog.ucsc.edu/en/current/general-catalog/courses/ece-electrical-and-computer-engineering/upper-division/ece-129a
ECE 129B,Capstone Project II,"EE_BS, RE_BS",yes,yes,(ECE 129A),satisfaction of the Entry Level Writing and Composition,contains-placement-exam-or-writing-requirement,none,https://catalog.ucsc.edu/en/current/general-catalog/courses/ece-electrical-and-computer-engineering/upper-division/ece-129b
ECE 129C,Capstone Project III,"EE_BS, RE_BS",yes,yes,(ECE 129B),satisfaction of the Entry Level Writing and Composition,contains-placement-exam-or-writing-requirement,none,https://catalog.ucsc.edu/en/current/general-catalog/courses/ece-electrical-and-computer-engineering/upper-division/ece-129c
ECE 130,Introduction to Optoelectronics and Photonics,"EE_BS, NDT_BS, RE_BS",yes,yes,(PHYS 5B OR PHYS 5C OR PHYS 6B OR PHYS 6C),"PHYS 5B and PHYS 5C , or PHYS 15C , or PHYS 6B and PHYS 6C ; and concurrent",contains-prior-or-concurrent-language,none,https://catalog.ucsc.edu/en/current/general-catalog/courses/ece-electrical-and-computer-engineering/upper-division/ece-130
ECE 130L,Introduction to Optoelectronics Laboratory,"EE_BS, NDT_BS, RE_BS",yes,no,(PHYS 5L OR PHYS 5M OR PHYS 5N OR PHYS 6L OR PHYS 6M OR PHYS 6N),"PHYS 5L , PHYS 5M , and PHYS 5N , or PHYS 6L , PHYS 6M , and PHYS 6N ; concurrent",contains-prior-or-concurrent-language,none,https://catalog.ucsc.edu/en/current/general-catalog/courses/ece-electrical-and-computer-engineering/upper-division/ece-130l
ECE 135,Electromagnetic Fields and Waves,"AM_BS, EE_BS, NDT_BS, RE_BS",yes,yes,(ECE 101 OR ECE 101L OR PHYS 102) AND (AM 20 OR PHYS 116A OR MATH 24),"ECE 101 and ECE 101L , or PHYS 102 ; and AM 20 or PHYS 116A or MATH 24 . Students must concurrently enroll in ECE 135L .",contains-prior-or-concurrent-language,none,https://catalog.ucsc.edu/en/current/general-catalog/courses/ece-electrical-and-computer-engineering/upper-division/ece-135
ECE 135L,Electromagnetic Fields and Waves Laboratory,"EE_BS, NDT_BS, RE_BS",yes,yes,(ECE 101 OR ECE 101L OR PHYS 102) AND (AM 20 OR PHYS 116A OR MATH 24),"ECE 101 and ECE 101L , or PHYS 102 ; and AM 20 or PHYS 116A or MATH 24 . Students must concurrently enroll in ECE 135 .",contains-prior-or-concurrent-language,none,https://catalog.ucsc.edu/en/current/general-catalog/courses/ece-electrical-and-computer-engineering/upper-division/ece-135l
ECE 141,Feedback Control Systems,"AM_BS, EE_BS, NDT_BS, RE_BS",yes,yes,(ECE 103),"ECE 103 , and majors in the School of Engineering and Division of Physical and Biological Sciences programs, with the exception of physics majors. Prerequisites for physics majors: PHYS 116A , PHYS 116C , and PHYS 133 .",contains-major-or-enrollment-condition,none,https://catalog.ucsc.edu/en/current/general-catalog/courses/ece-electrical-and-computer-engineering/upper-division/ece-141
ECE 149,Introduction to Cyber-physical Systems,"AM_BS, EE_BS, RE_BS",yes,yes,(CSE 100 OR CSE 100L OR ECE 13 OR CSE 13E),"CSE 100 and CSE 100L or equivalent, and ECE 13 or CSE 13E or equivalent.",none,CSE 13E,https://catalog.ucsc.edu/en/current/general-catalog/courses/ece-electrical-and-computer-engineering/upper-division/ece-149
ECE 152,Introduction to Wireless Communications,"EE_BS, NDT_BS, RE_BS",no,no,(CSE 107 OR ECE 151),"CSE 107 and ECE 151 , or by consent of instructor.",contains-permission-or-consent-exception,none,https://catalog.ucsc.edu/en/current/general-catalog/courses/ece-electrical-and-computer-engineering/upper-division/ece-152
ECE 157,RF Hardware Design,EE_BS,yes,yes,(ECE 101) AND (ECE 101L) AND (ECE 171) AND (ECE 174),"ECE 101 and ECE 101L , ECE 103 , and ECE 171 , and ECE 174 ; or consent of instructor. Concurrent","contains-permission-or-consent-exception, contains-prior-or-concurrent-language",none,https://catalog.ucsc.edu/en/current/general-catalog/courses/ece-electrical-and-computer-engineering/upper-division/ece-157
ECE 163,Introduction to Small-Scale UAV Theory and Practice,"AM_BS, EE_BS, RE_BS",yes,yes,(ECE 141 OR ECE 241 OR ECE 242) AND (CSE 30 OR ECE 13 OR CSE 13E OR CSE 13S OR ECE 121 OR ECE 167 OR ECE 145),"ECE 141 or ECE 241 or ECE 242 ; and CSE 30 or ECE 13 or CSE 13E or CSE 13S . ECE 121 , ECE 167 , and ECE 145 recommended but not required.",contains-recommended-language,"ECE 241, CSE 13E",https://catalog.ucsc.edu/en/current/general-catalog/courses/ece-electrical-and-computer-engineering/upper-division/ece-163
ECE 167,Sensing and Sensor Technologies,"EE_BS, NDT_BS, RE_BS",yes,yes,(CSE 13E OR ECE 13) AND (ECE 103) AND (ECE 103L),CSE 13E or ECE 13 ; and ECE 103 and ECE 103L .,none,CSE 13E,https://catalog.ucsc.edu/en/current/general-catalog/courses/ece-electrical-and-computer-engineering/upper-division/ece-167
ECE 169,Electric Machinery and Control,"EE_BS, RE_BS",yes,yes,(ECE 176 OR ECE 176L),(none found / none listed),no-official-prereq-text-found,none,https://catalog.ucsc.edu/en/current/general-catalog/courses/ece-electrical-and-computer-engineering/upper-division/ece-169
ECE 170,Advanced Power Electronics,EE_BS,yes,yes,(ECE 177),(none found / none listed),no-official-prereq-text-found,none,https://catalog.ucsc.edu/en/current/general-catalog/courses/ece-electrical-and-computer-engineering/upper-division/ece-170
ECE 171,Analog Electronics,"CE_BS, EE_BS, NDT_BS, RE_BS, TIM_BS",yes,no,(ECE 101) AND (ECE 101L),ECE 101 and ECE 101L ; previous or concurrent,contains-prior-or-concurrent-language,none,https://catalog.ucsc.edu/en/current/general-catalog/courses/ece-electrical-and-computer-engineering/upper-division/ece-171
ECE 171L,Analog Electronics Laboratory,"CE_BS, EE_BS, NDT_BS, RE_BS",yes,no,(ECE 101) AND (ECE 101L),ECE 101 and ECE 101L ; previous or concurrent,contains-prior-or-concurrent-language,none,https://catalog.ucsc.edu/en/current/general-catalog/courses/ece-electrical-and-computer-engineering/upper-division/ece-171l
ECE 173,High-Speed Digital Design,"EE_BS, NDT_BS, RE_BS",yes,no,(ECE 101 OR ECE 101L OR ECE 174 OR ECE 171 OR ECE 121),"ECE 101 and ECE 101L and ECE 174 , or by permission of the instructor. ECE 171 and ECE 121 are recommended.","contains-recommended-language, contains-permission-or-consent-exception",none,https://catalog.ucsc.edu/en/current/general-catalog/courses/ece-electrical-and-computer-engineering/upper-division/ece-173
ECE 174,Introduction to EDA Tools for PCB Design,EE_BS,no,no,(ECE 101 OR ECE 101L),ECE 101 and ECE 101L or consent of instructor.,contains-permission-or-consent-exception,none,https://catalog.ucsc.edu/en/current/general-catalog/courses/ece-electrical-and-computer-engineering/upper-division/ece-174
ECE 175,Energy Generation and Control,"EE_BS, NDT_BS, RE_BS",yes,no,(ECE 101),ECE 101 . Concurrent,contains-prior-or-concurrent-language,none,https://catalog.ucsc.edu/en/current/general-catalog/courses/ece-electrical-and-computer-engineering/upper-division/ece-175
ECE 175L,Energy Generation and Control Laboratory,"EE_BS, NDT_BS, RE_BS",yes,no,(ECE 101),ECE 101 . Concurrent,contains-prior-or-concurrent-language,none,https://catalog.ucsc.edu/en/current/general-catalog/courses/ece-electrical-and-computer-engineering/upper-division/ece-175l
ECE 176,Energy Conservation and Control,EE_BS,yes,yes,(ECE 103) AND (ECE 171),ECE 101 . Concurrent,contains-prior-or-concurrent-language,none,https://catalog.ucsc.edu/en/current/general-catalog/courses/ece-electrical-and-computer-engineering/upper-division/ece-176
ECE 176L,Energy Conversion and Control Laboratory,EE_BS,yes,yes,(ECE 103) AND (ECE 171),ECE 101 . Concurrent,contains-prior-or-concurrent-language,none,https://catalog.ucsc.edu/en/current/general-catalog/courses/ece-electrical-and-computer-engineering/upper-division/ece-176l
ECE 177,Power Electronics,EE_BS,yes,no,(ECE 103),ECE 103 . Concurrent,contains-prior-or-concurrent-language,none,https://catalog.ucsc.edu/en/current/general-catalog/courses/ece-electrical-and-computer-engineering/upper-division/ece-177
ECE 177L,Power Electronics Laboratory,EE_BS,yes,no,(ECE 103),ECE 103 . Concurrent,contains-prior-or-concurrent-language,none,https://catalog.ucsc.edu/en/current/general-catalog/courses/ece-electrical-and-computer-engineering/upper-division/ece-177l
ECE 180J,"Advanced Renewable Energy Sources, Storage, and Smart Grids","EE_BS, NDT_BS",yes,yes,(AM 11A OR MATH 11A OR MATH 19A OR MATH 19B OR MATH 20A OR MATH 20B) AND (STAT 5 OR STAT 7 OR STAT 17 OR STAT 131 OR CSE 107 OR PHYS 5C OR PHYS 5N OR PHYS 6C OR PHYS 6N),AM 11A or MATH 11A or MATH 19A or MATH 19B or MATH 20A or MATH 20B ; and STAT 5 or STAT 7 or STAT 17 or STAT 131 or CSE 107 . PHYS 5C or PHYS 15C and PHYS 5N or PHYS 6C and PHYS 6N are recommended.,contains-recommended-language,none,https://catalog.ucsc.edu/en/current/general-catalog/courses/ece-electrical-and-computer-engineering/upper-division/ece-180j
ECE 185,Introduction to the US Electricity Industry,EE_BS,yes,yes,(PHYS 5C OR PHYS 6C) AND (PHYS 5N OR PHYS 6N),(none found / none listed),no-official-prereq-text-found,none,https://catalog.ucsc.edu/en/current/general-catalog/courses/ece-electrical-and-computer-engineering/upper-division/ece-185
ECE 195,Senior Thesis Research,"EE_BS, RE_BS",yes,no,(none encoded),satisfaction of the Entry Level Writing and Composition,contains-placement-exam-or-writing-requirement,none,https://catalog.ucsc.edu/en/current/general-catalog/courses/ece-electrical-and-computer-engineering/upper-division/ece-195
ECE 215,Models of Robotic Manipulation,RE_BS,yes,yes,(ECE 141) AND (AM 10 OR MATH 21),(none found / none listed),no-official-prereq-text-found,none,https://catalog.ucsc.edu/en/current/general-catalog/courses/ece-electrical-and-computer-engineering/graduate/ece-215
ECE 216,Bio-Inspired Locomotion,RE_BS,yes,yes,(none encoded),ECE 9 or equivalent.,none,none,https://catalog.ucsc.edu/en/current/general-catalog/courses/ece-electrical-and-computer-engineering/graduate/ece-216
ECE 222A,Advances in Agriculture Technology,RE_BS,yes,no,(none encoded),previous or concurrent,contains-prior-or-concurrent-language,none,https://catalog.ucsc.edu/en/current/general-catalog/courses/ece-electrical-and-computer-engineering/graduate/ece-222a
ECE 240,Introduction to Linear Dynamical Systems,RE_BS,yes,yes,(ECE 103),(none found / none listed),no-official-prereq-text-found,none,https://catalog.ucsc.edu/en/current/general-catalog/courses/ece-electrical-and-computer-engineering/graduate/ece-240
ECE 243,System Identification,RE_BS,no,no,(ECE 240),"ECE 240 , or by permission of instructor.",contains-permission-or-consent-exception,none,https://catalog.ucsc.edu/en/current/general-catalog/courses/ece-electrical-and-computer-engineering/graduate/ece-243
ECE 246,Hybrid Dynamical Systems,RE_BS,yes,yes,(ECE 240),ECE 240 or ECE 241 or ECE 242 .,none,ECE 241,https://catalog.ucsc.edu/en/current/general-catalog/courses/ece-electrical-and-computer-engineering/graduate/ece-246
ECE 249,Introduction to Cyber-physical Systems,RE_BS,yes,yes,(CSE 100) AND (ECE 13 OR CSE 13E),"CSE 100 and CSE 100L or equivalent, and ECE 13 or CSE 13E or equivalent.",none,CSE 13E,https://catalog.ucsc.edu/en/current/general-catalog/courses/ece-electrical-and-computer-engineering/graduate/ece-249
ECON 100A,Intermediate Microeconomics,"AM_BS, TIM_BS",yes,yes,(ECON 1) AND (ECON 2) AND (AM 11B OR ECON 11B OR MATH 22 OR MATH 23A OR AM 30),ECON 1 and ECON 2 ; and AM 11B or ECON 11B or MATH 22 or MATH 23A or AM 30 .,none,ECON 11B,https://catalog.ucsc.edu/en/current/general-catalog/courses/econ-economics/upper-division/econ-100a
ECON 100B,Intermediate Macroeconomics,"AM_BS, TIM_BS",yes,yes,(ECON 1) AND (ECON 2) AND (AM 11B OR ECON 11B OR MATH 22 OR MATH 23A OR AM 30),ECON 1 and ECON 2 ; and AM 11B or ECON 11B or MATH 22 or MATH 23A or AM 30 .,none,ECON 11B,https://catalog.ucsc.edu/en/current/general-catalog/courses/econ-economics/upper-division/econ-100b
ECON 100M,"Intermediate Microeconomics, Math Intensive","AM_BS, TIM_BS",yes,yes,(ECON 1) AND (ECON 2) AND (AM 11B OR ECON 11B OR MATH 22 OR MATH 23A),ECON 1 and ECON 2 ; and AM 11B or ECON 11B or MATH 22 or MATH 23A .,none,ECON 11B,https://catalog.ucsc.edu/en/current/general-catalog/courses/econ-economics/upper-division/econ-100m
ECON 100N,"Intermediate Macroeconomics, Math Intensive",AM_BS,yes,yes,(ECON 1) AND (ECON 2) AND (AM 11B OR ECON 11B OR MATH 22 OR MATH 23A),ECON 1 and ECON 2 ; and AM 11B or ECON 11B or MATH 22 or MATH 23A .,none,ECON 11B,https://catalog.ucsc.edu/en/current/general-catalog/courses/econ-economics/upper-division/econ-100n
ECON 104,Is There Truth in Numbers: The Role of Statistics in Economics,TIM_BS,yes,no,(ECON 100A OR ECON 100M) AND (ECON 113),"ECON 100A or ECON 100M ; and ECON 113 , and Entry Level Writing and Composition",contains-placement-exam-or-writing-requirement,none,https://catalog.ucsc.edu/en/current/general-catalog/courses/econ-economics/upper-division/econ-104
ECON 113,Introduction to Econometrics,"AM_BS, TIM_BS",yes,yes,(ECON 1) AND (ECON 2) AND (STAT 17) AND (STAT 17L) AND (AM 11B OR ECON 11B OR MATH 22 OR MATH 23A OR AM 30 OR ECON 100A OR ECON 100B),"ECON 1 and ECON 2 ; STAT 17 and STAT 17L ; and one of the following: AM 11B or ECON 11B, or MATH 22 , or MATH 23A , or AM 30 . ECON 100A or ECON 100B strongly recommended as preparation.",contains-recommended-language,ECON 11B,https://catalog.ucsc.edu/en/current/general-catalog/courses/econ-economics/upper-division/econ-113
ECON 124,Machine Learning for Economists,AM_BS,yes,yes,(ECON 113 OR ECON 216),ECON 113 or ECON 216 .,none,ECON 216,https://catalog.ucsc.edu/en/current/general-catalog/courses/econ-economics/upper-division/econ-124
ECON 166A,Game Theory and Applications I,"AM_BS, CSGD_BS",yes,yes,(STAT 5 OR STAT 7 OR STAT 17 OR ECON 113) AND (AM 11B OR ECON 11B OR MATH 11B OR MATH 19B OR STAT 131 OR CSE 107),"STAT 5 , STAT 7 , STAT 17 or ECON 113 ; and AM 11B or ECON 11B, or MATH 11B , MATH 19B , STAT 131 or CSE 107 .",none,ECON 11B,https://catalog.ucsc.edu/en/current/general-catalog/courses/econ-economics/upper-division/econ-166a
ECON 183,Women in the Economy,TIM_BS,yes,no,(ECON 100A OR ECON 100M) AND (ECON 113),ECON 100A or ECON 100M ; and ECON 113 is strongly recommended.,contains-recommended-language,none,https://catalog.ucsc.edu/en/current/general-catalog/courses/econ-economics/upper-division/econ-183
ECON 188,Management in the Global Economy,TIM_BS,yes,yes,(ECON 113 OR ECON 100A OR ECON 100M),ECON 100A or ECON 100M ; and STAT 5 or STAT 7 or STAT 17 .,none,none,https://catalog.ucsc.edu/en/current/general-catalog/courses/econ-economics/upper-division/econ-188
FMST 133,Science and the Body,BIOTECH_BS,yes,yes,(none encoded),FMST 1 and FMST 100 .,none,none,https://catalog.ucsc.edu/en/current/general-catalog/courses/fmst-feminist-studies/upper-division/fmst-133
MATH 19A,"Calculus for Science, Engineering, and Mathematics","AM_BS, BMEB_BI, BMEB_BM, CE_BS, CSGD_BS, CS_BA, CS_BS, EE_BS, NDT_BS, RE_BS, TIM_BS",yes,yes,(none encoded),MATH 3 ; or mathematics placement (MP) score of 400 or higher; or qualifying AP exam. See the UCSC Exam Equivalency Chart in the Undergraduate Academic Program section of the catalog for details.,contains-placement-exam-or-writing-requirement,none,https://catalog.ucsc.edu/en/current/general-catalog/courses/math-mathematics/lower-division/math-19a
MATH 19B,"Calculus for Science, Engineering, and Mathematics","AM_BS, BMEB_BI, BMEB_BM, CE_BS, CSGD_BS, CS_BA, CS_BS, EE_BS, NDT_BS, RE_BS, TIM_BS",yes,no,(MATH 19A OR MATH 20A OR MATH 11A),MATH 11A or MATH 19A or MATH 20A or qualifying exam. See the UCSC Exam Equivalency Chart in the Undergraduate Academic Program section of the catalog for details.,contains-placement-exam-or-writing-requirement,none,https://catalog.ucsc.edu/en/current/general-catalog/courses/math-mathematics/lower-division/math-19b
MATH 20A,Honors Calculus,"AM_BS, BMEB_BI, BMEB_BM, CSGD_BS, CS_BA, CS_BS, TIM_BS",yes,no,(none encoded),mathematics placement (MP) score of 500 higher; or qualifying exam. See the UCSC Exam Equivalency Chart in the Undergraduate Academic Program section of the catalog for details.,contains-placement-exam-or-writing-requirement,none,https://catalog.ucsc.edu/en/current/general-catalog/courses/math-mathematics/lower-division/math-20a
MATH 21,Linear Algebra,"AM_BS, BMEB_BI, BMEB_BM, CE_BS, CSGD_BS, CS_BA, CS_BS, EE_BS, NDT_BS, RE_BS, TIM_BS",yes,no,(MATH 19A OR MATH 20A OR MATH 3 OR AM 11A OR MATH 11A),score of 400 or higher on the mathematics placement examination (MPE) or MATH 3 or AM 11A or MATH 11A or MATH 19A or MATH 20A .,contains-placement-exam-or-writing-requirement,none,https://catalog.ucsc.edu/en/current/general-catalog/courses/math-mathematics/lower-division/math-21
MATH 22,Introduction to Calculus of Several Variables,TIM_BS,yes,yes,(MATH 11B OR MATH 19B OR MATH 20B OR AM 15B),MATH 11B or MATH 19B or MATH 20B or AM 15B or qualifying AP exam. See the UCSC Exam Equivalency Chart in the Undergraduate Academic Program section of the catalog for details.,contains-placement-exam-or-writing-requirement,AM 15B,https://catalog.ucsc.edu/en/current/general-catalog/courses/math-mathematics/lower-division/math-22
MATH 23A,Vector Calculus,"AM_BS, BMEB_BI, CE_BS, CS_BS, EE_BS, NDT_BS, RE_BS, TIM_BS",yes,no,(MATH 19B OR MATH 20B),MATH 19B or MATH 20B or qualifying AP exam. See the UCSC Exam Equivalency Chart in the Undergraduate Academic Program section of the catalog for details.,contains-placement-exam-or-writing-requirement,none,https://catalog.ucsc.edu/en/current/general-catalog/courses/math-mathematics/lower-division/math-23a
MATH 24,Ordinary Differential Equations,"AM_BS, EE_BS, NDT_BS, RE_BS, TIM_BS",yes,no,(MATH 22 OR MATH 23A OR AM 30) AND (MATH 21),MATH 22 or MATH 23A or AM 30 ; MATH 21 is recommended as preparation.,contains-recommended-language,none,https://catalog.ucsc.edu/en/current/general-catalog/courses/math-mathematics/lower-division/math-24
MATH 105A,Real Analysis,AM_BS,yes,yes,(MATH 22 OR MATH 23B OR MATH 100 OR CSE 101),"MATH 22 or MATH 23B or AM 30 , and either MATH 100 or CSE 101 .",none,none,https://catalog.ucsc.edu/en/current/general-catalog/courses/math-mathematics/upper-division/math-105a
MATH 110,Introduction to Number Theory,"AM_BS, CS_BS",yes,yes,(CSE 101),MATH 100 or CSE 101 .,none,none,https://catalog.ucsc.edu/en/current/general-catalog/courses/math-mathematics/upper-division/math-110
MATH 114,Introduction to Financial Mathematics,AM_BS,yes,yes,(STAT 131 OR CSE 107),(none found / none listed),no-official-prereq-text-found,none,https://catalog.ucsc.edu/en/current/general-catalog/courses/math-mathematics/upper-division/math-114
MATH 115,Graph Theory,"AM_BS, CS_BS",yes,yes,(MATH 21 OR AM 10) AND (CSE 101),MATH 21 or AM 10 and either MATH 100 or CSE 101 .,none,none,https://catalog.ucsc.edu/en/current/general-catalog/courses/math-mathematics/upper-division/math-115
MATH 116,Combinatorics,"AM_BS, CS_BS",yes,yes,(CSE 101),MATH 100 or CSE 101 .,none,none,https://catalog.ucsc.edu/en/current/general-catalog/courses/math-mathematics/upper-division/math-116
MATH 121A,Differential Geometry,AM_BS,yes,no,(MATH 21 OR AM 10 OR MATH 23B OR MATH 100 OR CSE 101 OR MATH 105A),"MATH 21 or AM 10 , and MATH 23B , and either MATH 100 or CSE 101 . MATH 105A strongly recommended.",contains-recommended-language,none,https://catalog.ucsc.edu/en/current/general-catalog/courses/math-mathematics/upper-division/math-121a
MATH 124,Introduction to Topology,AM_BS,yes,no,(MATH 100) AND (MATH 111A),MATH 100 ; MATH 111A recommended.,contains-recommended-language,none,https://catalog.ucsc.edu/en/current/general-catalog/courses/math-mathematics/upper-division/math-124
MATH 130,Celestial Mechanics,AM_BS,yes,no,(MATH 19A) AND (MATH 23A OR PHYS 5A OR PHYS 6A) AND (MATH 21) AND (MATH 24),MATH 19A and 19B; and MATH 23A or PHYS 5A or PHYS 6A ; MATH 21 and MATH 24 strongly recommended.,contains-recommended-language,none,https://catalog.ucsc.edu/en/current/general-catalog/courses/math-mathematics/upper-division/math-130
MATH 134,Cryptography,"AM_BS, CS_BS",yes,no,(MATH 100 OR CSE 101) AND (MATH 110),MATH 100 or CSE 101 ; MATH 110 is recommended as preparation.,contains-recommended-language,none,https://catalog.ucsc.edu/en/current/general-catalog/courses/math-mathematics/upper-division/math-134
MATH 148,Numerical Analysis,"AM_BS, CS_BS",yes,yes,(MATH 22 OR MATH 23A) AND (MATH 21 OR AM 10) AND (MATH 24 OR AM 20) AND (MATH 103A OR MATH 105A OR MATH 152 OR AM 147 OR CSE 101),MATH 22 or MATH 23A or AM 30 ; and MATH 21 or AM 10 ; and MATH 24 or AM 20 ; and MATH 100 or AM 147 or CSE 101 . Concurrent,contains-prior-or-concurrent-language,none,https://catalog.ucsc.edu/en/current/general-catalog/courses/math-mathematics/upper-division/math-148
MATH 160,Mathematical Logic I,AM_BS,no,no,(MATH 100 OR CSE 101),MATH 100 or CSE 101 or by permission of instructor.,contains-permission-or-consent-exception,none,https://catalog.ucsc.edu/en/current/general-catalog/courses/math-mathematics/upper-division/math-160
PHYS 5A,Introduction to Physics I,"AM_BS, BMEB_BM, CE_BS, EE_BS, NDT_BS, RE_BS",yes,no,(MATH 19A OR MATH 20A),MATH 19A or MATH 20A . Concurrent,contains-prior-or-concurrent-language,none,https://catalog.ucsc.edu/en/current/general-catalog/courses/phys-physics/lower-division/phys-5a
PHYS 5B,Introduction to Physics II,"AM_BS, BMEB_BM, CE_BS, EE_BS",yes,yes,(PHYS 5A OR MATH 19B OR MATH 20B),"PHYS 5A or PHYS 15A , and MATH 19B or MATH 20B ; concurrent",contains-prior-or-concurrent-language,none,https://catalog.ucsc.edu/en/current/general-catalog/courses/phys-physics/lower-division/phys-5b
PHYS 5C,Introduction to Physics III,"AM_BS, CE_BS, EE_BS, NDT_BS, RE_BS",yes,yes,(PHYS 5A OR MATH 19B OR MATH 20B),"PHYS 5A or PHYS 15A , and MATH 19B or MATH 20B . Concurrent",contains-prior-or-concurrent-language,none,https://catalog.ucsc.edu/en/current/general-catalog/courses/phys-physics/lower-division/phys-5c
PHYS 5D,Introduction to Physics IV,EE_BS,yes,yes,(PHYS 5A OR PHYS 5L OR PHYS 6A OR PHYS 6L) AND (PHYS 5B OR PHYS 6B) AND (MATH 19B OR MATH 20B),"PHYS 5A or PHYS 15A , and PHYS 5L , or PHYS 6A and PHYS 6L ; and PHYS 5B or PHYS 6B ; and MATH 19B or MATH 20B .",none,none,https://catalog.ucsc.edu/en/current/general-catalog/courses/phys-physics/lower-division/phys-5d
PHYS 5L,Introduction to Physics I Laboratory,"BMEB_BM, CE_BS, EE_BS, NDT_BS, RE_BS",yes,yes,(PHYS 5A OR PHYS 15A),concurrent,contains-prior-or-concurrent-language,none,https://catalog.ucsc.edu/en/current/general-catalog/courses/phys-physics/lower-division/phys-5l
PHYS 5M,Introduction to Physics II Laboratory,"BMEB_BM, CE_BS, EE_BS",yes,no,(PHYS 5L),PHYS 5L ; concurrent,contains-prior-or-concurrent-language,none,https://catalog.ucsc.edu/en/current/general-catalog/courses/phys-physics/lower-division/phys-5m
PHYS 5N,Introduction to Physics Laboratory III,"CE_BS, EE_BS, NDT_BS, RE_BS",yes,no,(PHYS 5L),PHYS 5L . Concurrent,contains-prior-or-concurrent-language,none,https://catalog.ucsc.edu/en/current/general-catalog/courses/phys-physics/lower-division/phys-5n
PHYS 6A,Introductory Physics I,NDT_BS,yes,yes,(MATH 19A OR MATH 20A),MATH 11B or 16B or 19B or 20B or AM 15B.,none,AM 15B,https://catalog.ucsc.edu/en/current/general-catalog/courses/phys-physics/lower-division/phys-6a
PHYS 6C,Introductory Physics III,NDT_BS,yes,yes,(PHYS 5A OR PHYS 6A OR PHYS 7A) AND (MATH 11B OR MATH 16B OR MATH 19B OR MATH 20B OR AM 15B),PHYS 5A or PHYS 15A or PHYS 6A or PHYS 7A ; and MATH 11B or MATH 16B or MATH 19B or MATH 20B or AM 15B.,none,AM 15B,https://catalog.ucsc.edu/en/current/general-catalog/courses/phys-physics/lower-division/phys-6c
PHYS 6L,Introductory Physics I Laboratory,NDT_BS,yes,no,(none encoded),Previous or concurrent,contains-prior-or-concurrent-language,none,https://catalog.ucsc.edu/en/current/general-catalog/courses/phys-physics/lower-division/phys-6l
PHYS 6N,Introductory Physics III Laboratory,NDT_BS,yes,no,(none encoded),Previous or concurrent,contains-prior-or-concurrent-language,none,https://catalog.ucsc.edu/en/current/general-catalog/courses/phys-physics/lower-division/phys-6n
PHYS 15A,Honors Introduction to Physics I,"BMEB_BM, RE_BS",yes,no,(MATH 19A OR MATH 20A),MATH 19A or MATH 20A . Concurrent,contains-prior-or-concurrent-language,none,https://catalog.ucsc.edu/en/current/general-catalog/courses/phys-physics/lower-division/phys-15a
PHYS 15C,Honors Introduction to Physics - III,RE_BS,yes,no,(PHYS 5A OR PHYS 15A OR MATH 19B OR MATH 20B),"PHYS 5A or PHYS 15A , and MATH 19B or MATH 20B . Concurrent",contains-prior-or-concurrent-language,none,https://catalog.ucsc.edu/en/current/general-catalog/courses/phys-physics/lower-division/phys-15c
PHYS 105,Mechanics,AM_BS,yes,yes,(PHYS 5A) AND (PHYS 5L) AND (PHYS 116A OR MATH 21 OR MATH 24 OR AM 10 OR AM 20) AND (ASTR 119 OR CSE 20),"PHYS 5A or PHYS 15A , plus PHYS 5L ; and PHYS 116A , or MATH 21 plus MATH 24 , or AM 10 plus AM 20 ; and ASTR 119 or CSE 20 . Concurrent",contains-prior-or-concurrent-language,none,https://catalog.ucsc.edu/en/current/general-catalog/courses/phys-physics/upper-division/phys-105
PHYS 110A,"Electricity, Magnetism, and Optics",AM_BS,yes,yes,(PHYS 5C) AND (PHYS 116A OR MATH 21 OR MATH 24) AND (PHYS 116C OR MATH 107),PHYS 5C or PHYS 15C ; and PHYS 116A or MATH 21 and MATH 24 ; and PHYS 116C or MATH 107 .,none,none,https://catalog.ucsc.edu/en/current/general-catalog/courses/phys-physics/upper-division/phys-110a
PHYS 150,Quantum Computing,AM_BS,yes,yes,(PHYS 116A OR MATH 21 OR AM 10),(none found / none listed),no-official-prereq-text-found,none,https://catalog.ucsc.edu/en/current/general-catalog/courses/phys-physics/upper-division/phys-150
STAT 5,Statistics,BIOTECH_BS,yes,yes,(STAT 7 OR STAT 17),(none found / none listed),no-official-prereq-text-found,none,https://catalog.ucsc.edu/en/current/general-catalog/courses/stat-statistics/lower-division/stat-5
STAT 7,"Statistical Methods for the Biological, Environmental, and Health Sciences","AM_BS, BIOTECH_BS",yes,yes,(AM 3 OR AM 11A OR AM 15A OR MATH 3 OR MATH 11A OR MATH 16A OR MATH 19A OR MATH 20A),Mathematics placement (MP) score of 300 or higher or AM 3 or AM 11A or AM 15A or MATH 3 or MATH 11A or MATH 16A or MATH 19A or MATH 20A . Concurrent,"contains-prior-or-concurrent-language, contains-placement-exam-or-writing-requirement",AM 15A,https://catalog.ucsc.edu/en/current/general-catalog/courses/stat-statistics/lower-division/stat-7
STAT 7L,"Statistical Methods for the Biological, Environmental, and Health Sciences Laboratory","AM_BS, BIOTECH_BS",yes,yes,(AM 3 OR AM 11A OR AM 15A OR MATH 3 OR MATH 11A OR MATH 16A OR MATH 19A OR MATH 20A),"score of 300 or higher on the mathematics placement examination (MPE), AM 3 or AM 11A or AM 15A or MATH 3 or MATH 11A or MATH 16A or MATH 19A or MATH 20A . Concurrent","contains-prior-or-concurrent-language, contains-placement-exam-or-writing-requirement",AM 15A,https://catalog.ucsc.edu/en/current/general-catalog/courses/stat-statistics/lower-division/stat-7l
STAT 17,Statistical Methods for Business and Economics,"AM_BS, TIM_BS",yes,yes,(AM 3 OR AM 11A OR ECON 11A OR MATH 3 OR MATH 11A OR MATH 16A OR MATH 19A OR MATH 20A),Mathematics placement (MP) score of 300 or higher or completion of AM 3 or AM 11A or ECON 11A or MATH 3 or MATH 11A or MATH 16A or MATH 19A or MATH 20A . Concurrent,"contains-prior-or-concurrent-language, contains-placement-exam-or-writing-requirement",ECON 11A,https://catalog.ucsc.edu/en/current/general-catalog/courses/stat-statistics/lower-division/stat-17
STAT 17L,Statistical Methods for Business and Economics Laboratory,"AM_BS, TIM_BS",yes,yes,(AM 3 OR AM 11A OR ECON 11A OR MATH 3 OR MATH 11A OR MATH 16A OR MATH 19A OR MATH 20A),(none found / none listed),no-official-prereq-text-found,none,https://catalog.ucsc.edu/en/current/general-catalog/courses/stat-statistics/lower-division/stat-17l
STAT 108,Linear Regression,AM_BS,yes,no,(STAT 132),STAT 132 and satisfaction of the Entry Level Writing and Composition,contains-placement-exam-or-writing-requirement,none,https://catalog.ucsc.edu/en/current/general-catalog/courses/stat-statistics/upper-division/stat-108
STAT 131,Introduction to Probability Theory,"AM_BS, BIOTECH_BS, BMEB_BI, BMEB_BM, CE_BS, CS_BS, EE_BS, NDT_BS, RE_BS, TIM_BS",yes,yes,(AM 11B OR ECON 11B OR MATH 11B OR MATH 19B OR MATH 20B),MATH 22 ; or MATH 23B ; or AM 30 .,none,none,https://catalog.ucsc.edu/en/current/general-catalog/courses/stat-statistics/upper-division/stat-131
TIM 147,Introduction to Data Mining for Business,"AM_BS, TIM_BS",yes,yes,(CSE 20) AND (CSE 30) AND (CSE 16) AND (MATH 22 OR MATH 23A OR AM 30) AND (STAT 5 OR STAT 7) AND (AM 10 OR MATH 21) AND (AM 20 OR MATH 24),"CSE 30 ; and MATH 22 or MATH 23A or AM 30 ; and STAT 5 , or STAT 7 and 7L, or STAT 17 and STAT 17L , or STAT 131 , or CSE 107 .",none,none,https://catalog.ucsc.edu/en/current/general-catalog/courses/tim-technology-information-management/upper-division/tim-147
TIM 172A,Introduction to Management of Technology I,TIM_BS,yes,yes,(MATH 19B OR MATH 20B OR MATH 11B OR AM 11B OR ECON 11B),MATH 19B or MATH 20B or MATH 11B or AM 11B or ECON 11B.,none,ECON 11B,https://catalog.ucsc.edu/en/current/general-catalog/courses/tim-technology-information-management/upper-division/tim-172a
TIM 172P,Management of Technology Project I,TIM_BS,yes,no,(none encoded),concurrent,contains-prior-or-concurrent-language,none,https://catalog.ucsc.edu/en/current/general-catalog/courses/tim-technology-information-management/upper-division/tim-172p
TIM 172Q,Management of Technology Project II,TIM_BS,no,no,(TIM 172A) AND (TIM 172P),TIM 172A and TIM 172P. Concurrent,contains-prior-or-concurrent-language,none,https://catalog.ucsc.edu/en/current/general-catalog/courses/tim-technology-information-management/upper-division/tim-172q
TIM 173,Financial Engineering and Management in High Technology Firms,TIM_BS,no,no,(ECON 113 OR STAT 131 OR CSE 107),ECON 113 or STAT 131 or CSE 107 or by instructor permission.,contains-permission-or-consent-exception,none,https://catalog.ucsc.edu/en/current/general-catalog/courses/tim-technology-information-management/upper-division/tim-173
TIM 175,Business Strategy and Information Systems,TIM_BS,no,yes,(WRIT 2) AND (TIM 50),satisfaction of the Entry Level Writing and Composition,contains-placement-exam-or-writing-requirement,none,https://catalog.ucsc.edu/en/current/general-catalog/courses/tim-technology-information-management/upper-division/tim-175
